CMO,School Name,Year Open,City,State,Zip,Low Grade,High Grade,,,,,,,,,21st Century Charter Schools/Geo Academies,Fall Creek Academy,2002,Indianapolis,IN,46208,KG,12,,,,,,,,,21st Century Charter Schools/Geo Academies,21St Century Charter Sch Of Gary,2005,Gary,IN,46402,KG,12,,,,,,,,,21st Century Charter Schools/Geo Academies,21St Century Charter School,2005,Colorado Springs,CO,80903,01,11,,,,,,,,,21st Century Charter Schools/Geo Academies,21St Century Fountain Square,2005,Indianapolis,IN,46203,05,12,,,,,,,,,Academy of Tuscon,Academy Of Tucson High School,1999,Tucson,AZ,85748,09,12,,,,,,,,,Academy of Tuscon,Academy Of Tucson Middle School,1999,Tucson,AZ,85749,06,08,,,,,,,,,Academy of Tuscon,Academy Of Tucson Elementary School,2000,Tucson,AZ,85715,KG,05,,,,,,,,,Achievement First,Amistad Academy Middle,1999,New Haven,CT,06513,05,08,,,,,,,,,Achievement First,Elm City Elementary,2004,New Haven,CT,06511,KG,04,,,,,,,,,Achievement First,Elm City Middle,2004,New Haven,CT,06511,05,08,,,,,,,,,Achievement First,Achievement First Crown Heights Charter School,2005,Brooklyn,NY,11203,,,,,,,,,,,Achievement First,Achievement First East New York Charter School,2005,Brooklyn,NY,11233,,,,,,,,,,,Achievement First,Achievement First North Crown Heights Charter School,2005,Brooklyn,NY,11203,KG,01,,,,,,,,,Achievement First,Achievement First Bushwick,2006,Brooklyn,NY,11233,,,,,,,,,,,Achievement First,Achievement First Endeavor Charter School,2006,Brooklyn,NY,11205,,,,,,,,,,,Achievement First,Amistad Academy Elementary,2006,New Haven,CT,06519,KG,02,,,,,,,,,Achievement First,Amistad High School,2006,New Haven,CT,06519,09,11,,,,,,,,,Achievement First,Elm City High,2006,New Haven,CT,06519,09,09,,,,,,,,,Achievement First,Achievement First Bridgeport Academy,2007,Bridgeport,CT,06608,05,06,,,,,,,,,Achievement First,Achievement First Brownsville Charter School,2008,Brooklyn,NY,11233,05,05,,,,,,,,,Achievement First,Achievement First Hartford Academy,2008,Hartford,CT,06112,KG,05,,,,,,,,,Albert Einstein Academies,Einstein Academy,2002,San Diego,CA,92102,KG,05,,,,,,,,,Albert Einstein Academies,Albert Einstein Academy Middle,2006,San Diego,CA,92102,06,08,,,,,,,,,Algiers Charter School Association (ACSA),Alice Harte Elementary Charter School,2005,New Orleans,LA,70131,KG,08,,,,,,,,,Algiers Charter School Association (ACSA),Dwight D. Eisenhower Elementary School,2005,New Orleans,LA,70131,PK,08,,,,,,,,,Algiers Charter School Association (ACSA),Edna Karr Secondary School,2005,New Oreleans,LA,70131,09,12,,,,,,,,,Algiers Charter School Association (ACSA),Martin Behrman Elementary School,2005,New Orleans,LA,70114,PK,08,,,,,,,,,Algiers Charter School Association (ACSA),O.P. Walker Senior High School,2005,New Orleans,LA,70114,09,12,,,,,,,,,Algiers Charter School Association (ACSA),William J. Fischer Elementary School,2005,New Orleans,LA,70114,PK,08,,,,,,,,,Algiers Charter School Association (ACSA),Harriet Tubman Elementary School,2006,New Orleans,LA,70114,PK,08,,,,,,,,,Algiers Charter School Association (ACSA),Mcdonogh #32 Elementary School,2006,New Orleans,LA,70114,PK,08,,,,,,,,,Algiers Charter School Association (ACSA),Algiers Technology Academy,2007,New Orleans,LA,70131,09,12,,,,,,,,,Alliance for College-Ready Schools,Gertz-Ressler Academy High,2004,Los Angeles,CA,90059,09,12,,,,,,,,,Alliance for College-Ready Schools,Heritage College-Ready Charter High,2005,Los Angeles,CA,90003,09,12,,,,,,,,,Alliance for College-Ready Schools,Huntington Park College-Ready Academy Hs,2005,Huntington Park,CA,90255,09,12,,,,,,,,,Alliance for College-Ready Schools,Richard Merkin Middle Academy,2005,Los Angeles,CA,90007,06,09,,,,,,,,,Alliance for College-Ready Schools,College Ready Academy High #4,2006,Los Angeles,CA,90015,09,11,,,,,,,,,Alliance for College-Ready Schools,William and Carol Ouchi High School (College Ready Academy High #6) ,2006,Los Angeles,CA,90043,09,11,,,,,,,,,Alliance for College-Ready Schools,Marc & Eva Stern Math And Science School,2006,Los Angeles,CA,90032,09,11,,,,,,,,,Alliance for College-Ready Schools,College Ready Academy High #5,2007,Los Angeles,CA,90046,09,10,,,,,,,,,Alliance for College-Ready Schools,College Ready Academy High #7,2007,Los Angeles,CA,90059,09,10,,,,,,,,,Alliance for College-Ready Schools,Jack H. Skirball Middle,2007,Los Angeles,CA,90059,06,07,,,,,,,,,Alliance for College-Ready Schools,College Ready Charter Middle Academy #3,2008,Los Angeles,CA,90043,06,06,,,,,,,,,American Quality Schools,Chicago International Charter School (Cics) - Bucktown,1997,Chicago,IL,60647,KG,08,,,,,,,,,American Quality Schools,Chicago International Charter School (Cics) - Prairie,1998,Chicago,IL,60628,KG,08,,,,,,,,,American Quality Schools,Chicago International Charter School (Cics) - Washington Park 4-8,2000,Chicago,IL,60637,04,08,,,,,,,,,American Quality Schools,Chicago International Charter School (Cics) - West Belden,2002,Chicago,IL,60639,KG,08,,,,,,,,,American Quality Schools,Thea Bowman Leadership Academy,2003,Gary,IN,46402,KG,11,,,,,,,,,American Quality Schools,Chicago International Charter School (Cics) - Avalon/South Shore,2005,Chicago,IL,60619,KG,07,,,,,,,,,American Quality Schools,East Chicago Urban Enterprise Acad,2005,East Chicago,IN,46312,KG,07,,,,,,,,,American Quality Schools,Austin Business and Entrepreneurship Academy High School,2006,,,,,,,,,,,,,,American Quality Schools,Chicago International Charter School (Cics) - Washington Park K-3,2008,Chicago,IL,60637,KG,03,,,,,,,,,American Quality Schools,Passages Elem Charter School,2008,Chicago,IL,60660,PK,05,,,,,,,,,American Quality Schools,Plato Learning Academy,2008,,,,,,,,,,,,,,Arizona Agribusiness & Equine Center,Arizona Agribusiness & Equine Center - Paradise Valley,1999,Phoenix,AZ,85032,09,12,,,,,,,,,Arizona Agribusiness & Equine Center,Arizona Agribusiness & Equine Center - South Mountain,2004,Phoenix,AZ,85042,09,12,,,,,,,,,Arizona Agribusiness & Equine Center,Arizona Agribusiness & Equine Center - Red Mountain,2005,Mesa,AZ,85215,09,12,,,,,,,,,Arizona Comm Dev Corp,La Paloma Academy - Central Campus,2003,Tuscon,AZ,85712,KG,08,,,,,,,,,Arizona Comm Dev Corp,La Paloma Academy - Lakeside,2003,Tucson,AZ,85730,KG,08,,,,,,,,,Arthur Academies,Arthur Academy,2002,Portland,OR,97236,KG,05,,,,,,,,,Arthur Academies,Reynolds Arthur Academy,2004,Troutdale,OR,97060,KG,06,,,,,,,,,Arthur Academies,Woodburn Arthur Academy,2004,Woodburn,OR,97071,KG,05,,,,,,,,,Arthur Academies,Portland Arthur Academy Charter School,2005,Portland,OR,97215,KG,05,,,,,,,,,Arthur Academies,Gresham Arthur Academy,2007,Gresham,OR,97030,KG,04,,,,,,,,,Arthur Academies,St Helens Arthur Academy,2007,St. Helens,OR,97051,KG,06,,,,,,,,,Aspira of Florida,Aspira Youth Leadership School,1999,North Miami,FL,33161,06,08,,,,,,,,,Aspira of Florida,Aspira South Youth Leadership Charter School,2000,Leisure City,FL,33033,06,08, , , ,,,,,,Aspira of Florida,Aspira Eugenio Maria De Hostos Youth Leadership Charter School,2001,Miami,FL,33132,06,08, , , ,,,,,,"Aspira, Inc. of Illinois",Aspira - Mirta Ramirez Computer Science High School,2003,Chicago,IL,60647,09,12,,,,,,,,,"Aspira, Inc. of Illinois",Aspira - Haugen Middle School,2005,Chicago,IL,60625,06,08,,,,,,,,,"Aspira, Inc. of Illinois",YCCS: Antonia Pantoja - Aspira,2005,Chicago,IL,60641,,,,,,,,,,,"Aspira, Inc. of Illinois",Aspira - Early College High School,2007,Chicago,IL,60618,09,12,,,,,,,,,Aspire Public Schools,East Palo Alto Charter,1997,East Palo Alto,CA,94303,KG,08,,,,,,,,,Aspire Public Schools,Aspire University Charter School,1999,Modesto,CA,95355,KG,05,,,,,,,,,Aspire Public Schools,University Public,1999,Stockton,CA,95212,KG,05,,,,,,,,,Aspire Public Schools,Monarch Academy ,2000,Oakland,CA,94603,KG,05,,,,,,,,,Aspire Public Schools,River Oaks Charter School,2001,Stockton,CA,95210,KG,05,,,,,,,,,Aspire Public Schools,Wilson (Lionel) College Preparatory Academy,2002,Oakland,CA,94603,06,12,,,,,,,,,Aspire Public Schools,Benjamin Holt College Preparatory,2003,Stockton,CA,95212,06,12,,,,,,,,,Aspire Public Schools,Capitol Heights Academy,2003,Sacramento,CA,95817,KG,08,,,,,,,,,Aspire Public Schools,Antonio Maria Lugo Academy,2005,Huntington Park,CA,90255,KG,05,,,,,,,,,Aspire Public Schools,Aspire California College Preparatory Academy,2005,Berkeley,CA,94703,07,10,,,,,,,,,Aspire Public Schools,Berkley Maynard Academy,2005,Oakland,CA,94608,KG,06,,,,,,,,,Aspire Public Schools,Millsmont Academy,2005,Oakland,CA,94605,KG,05,,,,,,,,,Aspire Public Schools,Rosa Parks Academy,2005,Stockton,CA,95206,KG,05,,,,,,,,,Aspire Public Schools,Aspire East Palo Alto Phoenix Academy,2006,East Palo Alto,CA,94303,11,11,,,,,,,,,Aspire Public Schools,Aspire Langston Hughes Academy,2006,Stockton,CA,95202,06,08,,,,,,,,,Aspire Public Schools,Centennial College Preparatory,2006,Huntington Park,CA,90255,05,08,,,,,,,,,Aspire Public Schools,Summit Charter Academy,2006,Modesto,CA,95351,KG,08,,,,,,,,,Aspire Public Schools,Aspire Clarendon Elementary (Junior Collegiate),2007,Huntington Park,CA,90255,KG,05,,,,,,,,,Aspire Public Schools,Aspire Millsmont Secondary Academy,2007,Oakland,CA,94605,01,10,,,,,,,,,Aspire Public Schools,Aspire Port City Academy,2007,Stockton,CA,95202,KG,05,,,,,,,,,Aspire Public Schools,Aspire Huntington Park Charter School,2008,Oakland,CA,94606,KG,04,,,,,,,,,Beginning with Children Foundation,Community Partnership Charter School,2000,Brooklyn,NY,11205,,,,,,,,,,,Beginning with Children Foundation,Beginning With Children Charter School,2002,Brooklyn,NY,11206,,,,,,,,,,,Betty Shabazz International Charter School,Shabazz International Elem Chartr,2006,Chicago,IL,,KG,12,,,,,,,,,Betty Shabazz International Charter School,Shabazz International Elem Chartr - Dusable,2006,Chicago,IL,60615,09,11,,,,,,,,,Betty Shabazz International Charter School,Shabazz International Elem Chartr - Sizemore,2006,Chicago,IL,60619,KG,08,,,,,,,,,Bright Star,Stella Middle Charter Academy,2003,Los Angeles,CA,90016,05,08,,,,,,,,,Bright Star,Bright Star Secondary Charter,2006,Los Angeles,CA,90016,09,11,,,,,,,,,CAFA,Learning Foundation Performing Arts School,2003,Mesa,AZ,85203,KG,12,,,,,,,,,CAFA,Learning Foundation And Performing Arts Alta Mesa,2006,Mesa,AZ,85205,KG,12,,,,,,,,,CAFA,Learning Foundation And Performing Arts Gilbert,2006,Gilbert,AZ,85296,KG,12,,,,,,,,,California Montessori Project,California Montessori Project-American River Campus,2001,Fair Oaks,CA,95628,,,,,,,,,,,California Montessori Project,California Montessori Project-Capitol Campus,2006,Sacramento,CA,95816,KG,06,,,,,,,,,California Montessori Project,California Montessori Project-Carmichael,2006,Carmichael,CA,95608,KG,08,,,,,,,,,California Montessori Project,California Montessori Project-Elk Grove Campus,2006,Elk Grove,CA,95624,KG,08,,,,,,,,,California Montessori Project,California Montessori Project-Shingle Springs Campus,2006,Shingle Springs,CA,95682,KG,08,,,,,,,,,Calvin Nelms,Calvin Nelms High School,1999,Katy,TX,77449,09,12,,,,,,,,,Calvin Nelms,Calvin Nelms Middle School,2002,Katy,TX,77449,04,08,,,,,,,,,Calvin Nelms,Calvin Nelms - Northwest,2005,Hempstead,TX,77445,03,12,,,,,,,,,Calvin Nelms,Calvin Nelms Hospital Campus,2004,Houston,TX,77090,01,11,,,,,,,,,Camino Nuevo,Camino Nuevo Charter Academy,2000,Los Angeles,CA,90005,KG,08,,,,,,,,,Camino Nuevo,Camino Nuevo Charter Academy-Burlington Campus,2000,,,,,,,,,,,,,,Camino Nuevo,Camino Nuevo High School Charter,2004,Los Angeles,CA,90057,09,12,,,,,,,,,Capital One - University of New Orleans (UNO) Charter Network - New Beginnings School Foundation,Pierre A. Capdau - UNO Charter School,2004,New Orleans,LA,70122,KG,08,,,,,,,,,Capital One - University of New Orleans (UNO) Charter Network - New Beginnings School Foundation,Medard H. Nelson - UNO Charter School,2005,New Orleans,LA,70119,PK,08,,,,,,,,,Capital One - University of New Orleans (UNO) Charter Network - New Beginnings School Foundation,Thurgood Marshall - UNO Early College HS,2006,New Orleans,LA,70119,09,12,,,,,,,,,Career Success Schools,Career Success School -- Sage Campus,1999,Phoenix,AZ,85018,KG,08,,,,,,,,,Career Success Schools,Career Success High School - Main Campus,2000,Phoenix,AZ,85017,09,12,,,,,,,,,Career Success Schools,Career Success High School - Cave Creek,2002,Cave Creek,AZ,85327,09,12,,,,,,,,,Career Success Schools,Career Success High School - Copper Square,2003,Phoenix,AZ,85003,09,12,,,,,,,,,Career Success Schools,Career Success High School - Glendale,2003,Phoenix,AZ,85017,09,12,,,,,,,,,Casa Gracia/Trinity,Trinity Charter School - Bokenkamp Campus,2004,Corpus Christ,TX,78412,01,10,,,,,,,,,Casa Gracia/Trinity,Trinity Charter School - Krause Campus,2004,Katy,TX,77494,08,12,,,,,,,,,Casa Gracia/Trinity,Trinity Charter School - Nelson Campus,2004,Denton,TX,76207,06,11,,,,,,,,,Casa Gracia/Trinity,Trinity Charter School - New Life Campus,2004,Canyon Lake,TX,78133,06,11,,,,,,,,,Center City,Center City Public Charter School - Brightwood Campus,2008,Washington,DC,20011,PK,08,,,,,,,,,Center City,Center City Public Charter School - Capitol Hill Campus,2008,Washington,DC,20003,PK,08,,,,,,,,,Center City,Center City Public Charter School - Congress Heights Campus,2008,Washington,DC,20032,PK,08,,,,,,,,,Center City,Center City Public Charter School - Petworth Campus,2008,Washington,DC,20011,PK,08,,,,,,,,,Center City,Center City Public Charter School - Shaw Campus,2008,Washington,DC,20001,PK,08,,,,,,,,,Center City,Center City Public Charter School - Trinidad Campus,2008,Washington,DC,20002,PK,08,,,,,,,,,Center for Academic Success Inc,"Center For Academic Success, The #1",1997,Sierra Vista,AZ,85635,,,,,,,,,,,Center for Academic Success Inc,"Center For Academic Success, The #2",1998,Douglas,AZ,85607,09,12,,,,,,,,,Center for Academic Success Inc,"Center For Academic Success, The #3",2001,Douglas,AZ,85607,KG,04,,,,,,,,,Center for Academic Success Inc,Center For Academic Success #4,2004,Douglas,AZ,85607,05,08,,,,,,,,,Center for Academic Success Inc,Center For Academic Success #5,2004,Sierra Vista,AZ,85635,KG,08,,,,,,,,,Cesar Chavez (D.C.),Cesar Chavez Public Charter High School for Public Policy - Capital Hill Campus,1999,Washington,DC,20003,09,12,,,,,,,,,Cesar Chavez (D.C.),Cesar Chavez Public Charter High School for Public Policy - Parkside Campus,2007,Washington,DC,20019,06,12,,,,,,,,,Cesar Chavez (D.C.),Cesar Chavez Public Charter School for Public Policy - Bruce Prep Campus - Middle School,2007,Washington,DC,20009,05,07,,,,,,,,,Cesar Chavez School Network,Cesar Chavez Academy,2001,Pueblo,CO,81003,KG,08,,,,,,,,,Cesar Chavez School Network,Dolores Huerta Preparatory High School,2004,Pueblo,CO,81003,09,12,,,,,,,,,Cesar Chavez School Network,Cesar Chavez Colorado Springs - Central,2007,Colorado Springs,CO,80909,01,05,,,,,,,,,Cesar Chavez School Network,Cesar Chavez Academy - North,2008,Colorado Springs,CO,80909,01,08,,,,,,,,,Cesar Chavez School Network,Goal Academy,2008,Pueblo,CO,81003,09,12,,,,,,,,,Choice Education and Development Corporation (Sequoia),Sequoia Charter High School of Maricopa,1996,Maricopa,AZ,,9,12,,,,,,,,,Choice Education and Development Corporation (Sequoia),Sequoia Charter Elementary School,1997,Mesa,AZ,85204,KG,06,,,,,,,,,Choice Education and Development Corporation (Sequoia),Pathfinder Academy,1998,Mesa,AZ,85207,KG,08,,,,,,,,,Choice Education and Development Corporation (Sequoia),Sequoia Village School,1999,Show Low,AZ,85901,KG,08,,,,,,,,,Choice Education and Development Corporation (Sequoia),Learning Crossroads Basic Academy,2000,Mesa,AZ,85204,KG,12,,,,,,,,,Choice Education and Development Corporation (Sequoia),Redwood Elementary Academy,2000,Peoria,AZ,85381,KG,08,,,,,,,,,Choice Education and Development Corporation (Sequoia),Sequoia Charter Secondary,2000,Mesa,AZ,85204,07,12,,,,,,,,,Choice Education and Development Corporation (Sequoia),Sequoia School For The Deaf And Hard Of Hearing,2000,Mesa,AZ,85204,KG,12,,,,,,,,,Choice Education and Development Corporation (Sequoia),Sequoia Ranch,2001,Mayer,AZ,86333,KG,11,,,,,,,,,Choice Education and Development Corporation (Sequoia),Arizona Conservatory For Arts And Academics,2003,Phoenix,AZ,85052,06,12,,,,,,,,,Choice Education and Development Corporation (Sequoia),Sequoia Family Learning,2003,Mesa,AZ,85204,KG,12,,,,,,,,,Choice Education and Development Corporation (Sequoia),Children First Academy - Phoenix,2008,Phoenix,AZ,85003,KG,06,,,,,,,,,Choice Education and Development Corporation (Sequoia),Children First Academy - Tempe,2008,Tempe,AZ,85281,KG,06,,,,,,,,,Civitas,Chicago International Charter School (Cics) - Northtown,2003,Chicago,IL,60659,09,12,,,,,,,,,Civitas,Chicago International Charter School (Cics) - Wrightwood,2005,Chicago,IL,60652,KG,08,,,,,,,,,Civitas,Chicago International Charter School (Cics) - Ellison,2006,Chicago,IL,60620,09,11,,,,,,,,,Constellation Schools,Old Brooklyn Community Elementary,1998,Cleveland,OH,44109,KG,04,,,,,,,,,Constellation Schools,Parma Community School,2000,Parma Hts,OH,44130,KG,10,,,,,,,,,Constellation Schools,Elyria Community School,2001,Elyria,OH,44035,KG,06,,,,,,,,,Constellation Schools,Lorain Elementary School,2001,Lorain,OH,44055,KG,06,,,,,,,,,Constellation Schools,Westpark Community School,2001,Cleveland,OH,44135,KG,04,,,,,,,,,Constellation Schools,Mansfield Community School,2002,Mansfield,OH,44906,KG,06,,,,,,,,,Constellation Schools,Puritas Community School,2003,Cleveland,OH,44135,KG,04,,,,,,,,,Constellation Schools,Madison Community School,2004,Cleveland,OH,44102,KG,07,,,,,,,,,Constellation Schools,Stockyard Community School,2004,Cleveland,OH,44102,KG,07,,,,,,,,,Constellation Schools,Constellation Schools: Lorain Community Middle School,2006,Lorain,OH,44052,05,08,,,,,,,,,Constellation Schools,Constellation Schools: Old Brooklyn Middle School,2006,Cleveland,OH,44109,05,08,,,,,,,,,Constellation Schools,Constellation Schools: Outreach Academy For Students With Disabilities,2006,Cleveland,OH,44109,03,12,,,,,,,,,Constellation Schools,Constellation Schools: Puritas Community Middle School,2006,Cleveland,OH,44135,05,08,,,,,,,,,Constellation Schools,Constellation Schools: Westpark Community Middle School,2006,Cleveland,OH,44135,05,08,,,,,,,,,Constellation Schools,Constellation Schools: Westside Community School For The Arts,2007,Cleveland,OH,44111,KG,04,,,,,,,,,Constellation Schools,Parma Community High School,2007,,OH,,,,,,,,,,,,Crescendo,Crescendo Charter,2005,Los Angeles,CA,90062,KG,06,,,,,,,,,Crescendo,Crescendo Charter Academy,2006,Gardena,CA,90249,KG,04,,,,,,,,,Crescendo,Crescendo Charter Conservatory,2006,Los Angeles,CA,90044,KG,03,,,,,,,,,Crescendo,Crescendo Charter Preparatory Central,2007,Los Angeles,CA,90062,KG,03,,,,,,,,,Crescendo,Crescendo Charter Preparatory South,2007,Los Angeles,CA,90044,KG,03,,,,,,,,,Crescendo,Crescendo Charter Preparatory West,2007,Gardena,CA,90247,KG,05,,,,,,,,,DC Prep,D.C. Preparatory Public Charter School - Edgewood Middle School,2003,Washington,DC,20017,04,08,,,,,,,,,DC Prep,D.C. Preparatory Public Charter School - Edgewood Elementary Campus,2007,Washington,DC,20017,PK,03,,,,,,,,,DC Prep,D.C. Preparatory Public Charter School - Benning Academy Campus,2008,Washington,DC,20017,PK,PK,,,,,,,,,Education for Change,Education For Change At Cox El,2004,Oakland,CA,94603,KG,05,,,,,,,,,Education for Change,World Academy,2005,Oakland,CA,94601,KG,03,,,,,,,,,Education for Change,Achieve Academy,2006,Oakland,CA,94601,04,05,,,,,,,,,EdVantages,Middletown Preparatory And Fitness Academy,2002,Middletown,OH,45044,KG,08,,,,,,,,,EdVantages,Trotwood Preparatory And Fitness Academy,2002,Trotwood,OH,45426,KG,08,,,,,,,,,EdVantages,Northland Preparatory & Fitness,2004,Columbus,OH,43229,KG,08,,,,,,,,,EdVantages,Springfield Preparatory & Fitness Academy,2004,Springfield,OH,45505,KG,08,,,,,,,,,EdVantages,Whitehall Preparatory & Fitness Academy,2004,Columbus,OH,43227,KG,08,,,,,,,,,EdVantages,Cincinnati Preparatory And Fitness Academy,2005,Cincinnati,OH,45231,KG,08,,,,,,,,,EdVantages,Columbus Preparatory And Fitness Academy,2005,Columbus,OH,43207,KG,08,,,,,,,,,EdVantages,Mount Healthy Preparatory And Fitness Academy,2005,Cincinnati,OH,45231,KG,05,,,,,,,,,Envision Schools,City Arts And Tech High,2004,San Francisco,CA,94112,09,12,,,,,,,,,Envision Schools,Metropolitan Arts & Technology High,2005,San Francisco,CA,94134,09,12,,,,,,,,,Envision Schools,Envision Academy Of Arts & Technology,2006,Oakland,CA,94612,09,11,,,,,,,,,Envision Schools,Impact Academy Of Arts & Technology,2007,Hayward,CA,94542,09,10,,,,,,,,,Firstline Schools,Samuel J. Green Charter School,2005,New Orleans,LA,70115,KG,08,,,,,,,,,Firstline Schools,Arthur Ashe Charter School,2007,New Orleans,LA,70115,KG,07,,,,,,,,,Foundation for Behavioral Resources,Arbor Academy,1998,Battle Creek,MI,49015,KG,06,,,,,,,,,Foundation for Behavioral Resources,Oakland Academy,1998,Portage,MI,49024,KG,06,,,,,,,,,Friendship Public Charter Schools,Friendship - Chamberlain Campus,1999,Washington,DC,20003,PK,08,,,,,,,,,Friendship Public Charter Schools,Friendship - Junior Academy - Blow Pierce Campus,2007,Washington,DC,20002,04,08,,,,,,,,,Friendship Public Charter Schools,Friendship - Southeast Elementary Campus,2007,Washington,DC,20032,PK,06,,,,,,,,,Friendship Public Charter Schools,Friendship - Woodridge Campus,2007,Washington,DC,20018,PK,08,,,,,,,,,Friendship Public Charter Schools,Friendship Collegiate Academy - Woodson Campus,2007,Washington,DC,20019,09,12,,,,,,,,,Grant Community Charters Inc. (renamed Gateway Community Charters),Grant Community Outreach Academy - Elementary,2003,Mcclellan,CA,95652,KG,08,,,,,,,,,Grant Community Charters Inc. (renamed Gateway Community Charters),Grant Community Outreach Academy - Middle,2003,North Highlands,CA,95660,,,,,,,,,,,Grant Community Charters Inc. (renamed Gateway Community Charters),Futures High,2004,Vista,CA,92081,09,12,,,,,,,,,Grant Community Charters Inc. (renamed Gateway Community Charters),Community Collaborative Charter,2005,Mcclellan,CA,95652,KG,12,,,,,,,,,Grant Community Charters Inc. (renamed Gateway Community Charters),California Aerospace Academy,2007,Mcclellan,CA,95652,07,10,,,,,,,,,Grant Community Charters Inc. (renamed Gateway Community Charters),Higher Learning Academy,2007,Mcclellan,CA,95652,KG,05,,,,,,,,,Grant Community Charters Inc. (renamed Gateway Community Charters),Sava: Sacramento Academy And Vocational Academy,2007,Sacramento,CA,95820,07,12,,,,,,,,,Great Hearts Academies,Great Hearts Academies - Veritas Prep,2004,Phoenix,AZ,85016,07,12,,,,,,,,,Great Hearts Academies,Chandler Preparatory Academy,2005,Chandler,AZ,85225,06,11,,,,,,,,,Great Hearts Academies,Great Hearts Academies - Mesa Prep,2007,Mesa,AZ,85205,06,09,,,,,,,,,Great Hearts Academies,Great Hearts Academies - Glendale Prep,2007,Glendale,AZ,85308,06,09,,,,,,,,,Great Hearts Academies,Great Hearts Academies - Scottsdale Prep,2007,Scottsdale,AZ,85260,06,09,,,,,,,,,Green Dot,Animo Leadership High,2000,Inglewood,CA,90301,09,12,,,,,,,,,Green Dot,Animo Inglewood Charter High School,2002,Inglewood,CA,90305,09,12,,,,,,,,,Green Dot,Oscar De La Hoya Animo Charter High,2003,Los Angeles,CA,90023,09,12,,,,,,,,,Green Dot,Animo South Los Angeles Charter,2004,Los Angeles,CA,90047,09,12,,,,,,,,,Green Dot,Animo Venice Charter High,2004,Los Angeles,CA,90291,09,12, , , , ,,,,,Green Dot,Animo Film And Theater Arts Charter High,2006,Los Angeles,CA,90037,09,12,,,,,,,,,Green Dot,Animo Jackie Robinson High,2006,Los Angeles,CA,90007,09,11,,,,,,,,,Green Dot,Animo Justice Charter High,2006,Los Angeles,CA,90011,09,11,,,,,,,,,Green Dot,Animo Pat Brown,2006,Los Angeles,CA,90001,09,11,,,,,,,,,Green Dot,Animo Ralph Bunche High,2006,Los Angeles,CA,90011,09,11,,,,,,,,,Green Dot,Animo Locke Technology Charter High,2007,Los Angeles,CA,90059,09,10,,,,,,,,,Green Dot,Animo Watts Charter High School,2007,Los Angeles,CA,90061,09,10,,,,,,,,,Green Dot,Animo Locke Charter High School #1,2008,Los Angeles,CA,90061,09,09,,,,,,,,,Green Dot,Animo Locke Charter High School #2,2008,Los Angeles,CA,90061,09,09,,,,,,,,,Green Dot,Animo Locke Charter High School #3,2008,Los Angeles,CA,90061,09,09,,,,,,,,,Green Dot,Animo Locke Charter High School #4,2008,,,,,,,,,,,,,,Green Dot,Green Dot New York Charter School,2008,Bronx,NY,10455,09,09,,,,,,,,,Harlem Children’s Zone,Harlem Children's Zone - The Promise Academy 1 Elementary,2004,New York,NY,10030,KG,03,,,,,,,,,Harlem Children’s Zone,Harlem Children's Zone - The Promise Academy 1 Upper Elementary/Middle,2004,New York,NY,10035,04,06,,,,,,,,,Harlem Children’s Zone,Harlem Children's Zone - The Promise Academy II School,2005,New York,NY,10035,KG,04,,,,,,,,,Harlem Children’s Zone,Harlem Children's Zone - The Promise Academy 1 High,2008,New York,NY,10035,09,10,,,,,,,,,Harlem Success Academy,Harlem Success Academy Charter School,2006,New York,NY,10026,,,,,,,,,,,Harlem Success Academy,Harlem Success Academy Charter School 2,2008,New York,NY,10026,KG,01,,,,,,,,,Harlem Success Academy,Harlem Success Academy Charter School 3,2008,New York,NY,10026,KG,01,,,,,,,,,Harlem Success Academy,Harlem Success Academy Charter School 4,2008,New York,NY,10026,KG,01,,,,,,,,,Harlem Village Academies,Harlem Village Academy Charter School,2003,New York,NY,10030,,,,,,,,,,,Harlem Village Academies,Leadership Village Academy Charter School,2005,New York,NY,10035,,,,,,,,,,,Harmony Schools,Harmony Science Academy,2000,Houston,TX,77096,06,12,,,,,,,,,Harmony Schools,Harmony Science Academy - Austin,2002,Austin,TX,78753,06,12,,,,,,,,,Harmony Schools,Harmony Science Academy -Dallas,2004,Dallas,TX,75243,PK,12,,,,,,,,,Harmony Schools,Harmony School Of Innovation,2005,Houston,TX,77099,PK,08,,,,,,,,,Harmony Schools,Harmony Science Acad (El Paso),2006,El Paso,TX,79901,KG,10,,,,,,,,,Harmony Schools,Harmony Science Acad (Fort Worth),2006,Fort Worth,TX,76133,KG,10,,,,,,,,,Harmony Schools,Harmony Science Acad (San Antonio),2006,San Antonio,TX,78227,KG,10,,,,,,,,,Harmony Schools,Harmony Elementary-Austin (Harmony School of Science Austin),2006,Austin,TX,78758,KG,08,,,,,,,,,Harmony Schools,Harmony School Of Excellence,2006,Houston,TX,77040,KG,10,,,,,,,,,Harmony Schools,Harmony Science Acad (College Station),2007,Bryan,TX,77802,KG,10,,,,,,,,,Harmony Schools,Harmony Science Acad (Lubbock),2007,Lubbock,TX,79412,KG,09,,,,,,,,,Harmony Schools,Harmony Science Acad (Waco),2007,Waco,TX,76710,KG,09,,,,,,,,,Harmony Schools,Harmony Science Academy - Houston Nw,2007,Houston,TX,77086,KG,09,,,,,,,,,Harmony Schools,Harmony Science Academy (Beaumont),2007,Beaumont,TX,77706,KG,09,,,,,,,,,Harmony Schools,Harmony School Of Science - Houston,2008,Sugar Land,TX,77478,PK,08,,,,,,,,,Harmony Schools,Harmony Science Academy - Brownsville,2008,Brownsville,TX,78520,KG,08,,,,,,,,,Harmony Schools,Harmony Science Academy - Laredo,2008,Laredo,TX,78041,KG,08,,,,,,,,,Harmony Schools,Harmony Science Academy Grand Prairie,2008,Grand Prairie,TX,75050,KG,08,,,,,,,,,High-Tech High,The Gary and Jerri-Ann Jacobs High Tech High Charter School ,2000,San Diego,CA,92106,09,12,,,,,,,,,High-Tech High,High Tech High Explorer Elementary,2000,San Diego,CA,92106,KG,05,,,,,,,,,High-Tech High,High Tech Middle,2003,San Diego,CA,92106,06,08,,,,,,,,,High-Tech High,High Tech High International,2004,San Diego,CA,92106,09,12,,,,,,,,,High-Tech High,High Tech High Media Arts,2005,San Diego,CA,92106,09,12,,,,,,,,,High-Tech High,High Tech Middle Media Arts,2005,San Diego,CA,92106,06,08,,,,,,,,,High-Tech High,High Tech High Chula Vista,2007,Chula Vista,CA,91913,09,10,,,,,,,,,High-Tech High,High Tech High North County,2007,San Marcos,CA,92078,09,10,,,,,,,,,Honors Academy,Pinnacle School,1999,Fort Worth,TX,76107,KG,08,,,,,,,,,Honors Academy,Quest Academy,1999,Dallas,TX,75208,06,12,,,,,,,,,Honors Academy,Destiny Academy,2000,Dallas,TX,76541,KG,09,,,,,,,,,Honors Academy,Legacy High School,2000,Kaufman,TX,75124,08,12,,,,,,,,,Honors Academy,University School,2000,Austin,TX,78712,06,12,,,,,,,,,Honors Academy,Landmark School,2001,Palestine,TX,75801,08,12,,,,,,,,,Humanities and Sciences Academy,Humanities And Sciences Institute - Phoenix,1997,Phoenix,AZ,85014,11,12,,,,,,,,,Humanities and Sciences Academy,International Commerce Institute - Tsaile,1999,Tsaile,AZ,86556,09,12,,,,,,,,,Humanities and Sciences Academy,Humanities And Sciences Institute - Tempe,2001,Tempe,AZ,85282,11,12,,,,,,,,,Humanities and Sciences Academy,International Commerce Institute - Tempe,2001,Tempe,AZ,85282,09,12,,,,,,,,,Humanities and Sciences Academy,Humanities And Sciences Academy Arizona,2001,Tempe,AZ,85282,10,12,,,,,,,,,Humanities and Sciences Academy,International Commerce Institute - Phoenix,2006,Phoenix,AZ,85014,09,12,,,,,,,,,Hyde,Hyde Leadership Public Charter School (DC),1999,Washington,DC,20002,PK,12,,,,,,,,,Hyde,Hyde Leadership Charter School (Bronx),2006,Bronx,NY,10474,,,,,,,,,,,IDEA,Idea Academy (Donna),2000,San Juan,TX,78589,PK,05,,,,,,,,,IDEA,Idea College Prep (Donna),2006,Donna,TX,78537,09,12,,,,,,,,,IDEA,Idea Middle School (Donna),2006,,,,06,08,,,,,,,,,IDEA,Idea Frontier Academy,2006,Brownsville,TX,78521,PK,04,,,,,,,,,IDEA,Idea Frontier College Preparatory,2006,Brownsville,TX,78521,06,10,,,,,,,,,IDEA,Idea Quest Academy,2006,Weslaco,TX,78596,PK,04,,,,,,,,,IDEA,Idea Quest College Preparatory,2006,Mcallen,TX,78504,06,10,,,,,,,,,IDEA,Idea Academy Mission,2008,Mission,TX,78572,KG,KG,,,,,,,,,IDEA,Idea Academy San Benito,2008,San Benito,TX,78586,KG,KG,,,,,,,,,IDEA,Idea College Preparatory Mission,2008,Mission,TX,78572,06,08,,,,,,,,,IDEA,Idea College Preparatory San Benito,2008,San Benito,TX,78586,06,08,,,,,,,,,Imagine Acadmies,Imagine Schools At West Melbourne,1998,Melbourne,FL,32904,KG,08,,,,,,,,,Imagine Acadmies,Kissimmee Charter Academy,2000,Kissimmee,FL,34744,KG,08,,,,,,,,,Imagine Acadmies,Chancellor Charter School At Lantana,2001,Lantana,FL,33462,KG,05,,,,,,,,,Imagine Acadmies,Imagine Charter Elementary School At West Gilbert,2001,Gilbert,AZ,85295,KG,05,,,,,,,,,Imagine Acadmies,Imagine Charter School At Sierra Vista,2001,Sierra Vista,AZ,85635,KG,08,,,,,,,,,Imagine Acadmies,Imagine Charter/N Lauderdale,2001,North Lauderdale,FL,33068,KG,05,,,,,,,,,Imagine Acadmies,Imagine At N Lauderdale Middle School,2002,North Lauderdale,FL,33068,06,08,,,,,,,,,Imagine Acadmies,Imagine Charter School At Bell Canyon,2002,Phoenix,AZ,85053,KG,08,,,,,,,,,Imagine Acadmies,Imagine Charter School/Weston,2002,Weston,FL,33327,KG,05,,,,,,,,,Imagine Acadmies,Imagine Charter Middle School At Cortez Park,2003,Phoenix,AZ,85051,06,08,,,,,,,,,Imagine Acadmies,Imagine Charter Middle School At West Gilbert,2003,Gilbert,AZ,85295,06,08,,,,,,,,,Imagine Acadmies,Imagine Charter Elementary School At Cortez Park,2003,Phoenix,AZ,85051,KG,05,,,,,,,,,Imagine Acadmies,Kennesaw Charter School,2003,Kennesaw,GA,30144,KG,05,,,,,,,,,Imagine Acadmies,Hope Community Public Charter School - Tolson Campus,2005,Washington,DC,20017,PK,08,,,,,,,,,Imagine Acadmies,Imagine Charter Elementary School At East Mesa,2005,Mesa,AZ,85209,KG,06,,,,,,,,,Imagine Acadmies,Imagine Charter Elementary School At Rosefield,2005,Surprise,AZ,85379,KG,05,,,,,,,,,Imagine Acadmies,South Lake Charter Elementary School,2005,Clermont,FL,34711,KG,08,,,,,,,,,Imagine Acadmies,Imagine Middle At East Mesa,2006,Mesa,AZ,85209,07,08,,,,,,,,,Imagine Acadmies,Imagine Middle At Surprise,2006,Surprise,AZ,85379,06,08,,,,,,,,,Imagine Acadmies,Imagine 100 Academy Of Excellence,2006,Las Vegas,NV,89032,KG,05,,,,,,,,,Imagine Acadmies,Imagine Elementary At Camelback,2006,Phoenix,AZ,85015,KG,05,,,,,,,,,Imagine Acadmies,Imagine Elementary At Desert West,2006,Phoenix,AZ,85035,KG,05,,,,,,,,,Imagine Acadmies,Imagine Elementary At Tempe,2006,Tempe,AZ,85282,KG,07,,,,,,,,,Imagine Acadmies,Marietta Charter School,2006,Marietta,GA,30064,KG,05, ,,,,,,,,Imagine Acadmies,Imagine Middle At Camelback,2007,Phoenix,AZ,85015,06,08,,,,,,,,,Imagine Acadmies,Imagine Middle At Desert West,2007,Phoenix,AZ,85035,06,08,,,,,,,,,Imagine Acadmies,Lincoln Public Charter School,2007,Marlow Heights,MD,20748,KG,04,,,,,,,,,Imagine Acadmies,Hope Community Public Charter School - Lamond Campus,2007,Washington,DC,20011,PK,05,,,,,,,,,Imagine Acadmies,Imagine Academy Of Academic Success,2007,St. Louis,MO,63107,KG,08,,,,,,,,,Imagine Acadmies,Imagine Academy Of Careers Elementary,2007,St. Louis,MO,63118,KG,05,,,,,,,,,Imagine Acadmies,Imagine Academy Of Careers Middle,2007,St. Louis,MO,63118,06,08,,,,,,,,,Imagine Acadmies,Imagine Academy Of Environmental Science And Math,2007,St. Louis,MO,63110,KG,08,,,,,,,,,Imagine Acadmies,Imagine Charter School At North Manatee,2007,Ellenton,FL,34222,KG,05,,,,,,,,,Imagine Acadmies,Imagine International Academy Of Mableton,2007,Mableton,GA,30126,KG,08,,,,,,,,,Imagine Acadmies,Imagine International Academy Of Smyrna,2007,Smyrna,GA,30080,KG,08,,,,,,,,,Imagine Acadmies,Imagine Master Academy,2007,Fort Wayne,IN,46808,KG,07,,,,,,,,,Imagine Acadmies,Imagine Renaissance Academy Of Environmental Science & Math - Kensington Campus,2007,Kansas City,MO,64127,KG,05,,,,,,,,,Imagine Acadmies,Imagine Renaissance Academy Of Environmental Science & Math - Wallace Campus,2007,Kansas City,MO,64125,06,12,,,,,,,,,Imagine Acadmies,Imagine Wesley International Academy,2007,Atlanta,GA,30316,KG,07,,,,,,,,,Imagine Acadmies,Imagine-Foundations Public Charter School,2007,Upper Marlboro,MD,20772,KG,03,,,,,,,,,Imagine Acadmies,Imagine Middle At Coolidge,2008,Coolidge,AZ,85228,06,07,,,,,,,,,Imagine Acadmies,Imagine Preparatory High School At Surprise,2008,Surprise,AZ,85379,09,10,,,,,,,,,Imagine Acadmies,Imagine at Lakewood Ranch,2008,Bradenton,FL,34208,KG,05,,,,,,,,,Imagine Acadmies,Imagine Charter School At Firestone,2008,Firestone,CO,80504,PK,08,,,,,,,,,Imagine Acadmies,Imagine Charter School at St. Petersburg,2008,St Petersburg,FL,33713,PK,05,,,,,,,,,Imagine Acadmies,Imagine Charter School Of Broward,2008,Coral Springs,FL,33067,KG,05,,,,,,,,,Imagine Acadmies,Imagine Classical Academy At Indigo Ranch,2008,Colorado Springs,CO,80908,KG,06,,,,,,,,,Imagine Acadmies,Imagine College Preparatory High School,2008,St. Louis,MO,63103,09,12,,,,,,,,,Imagine Acadmies,Imagine Discovery Public Charter School,2008,Baltimore,MD,21207,KG,05,,,,,,,,,Imagine Acadmies,Imagine Elementary At Avondale,2008,Avondale,AZ,85323,KG,05,,,,,,,,,Imagine Acadmies,Imagine Elementary At Coolidge,2008,Coolidge,AZ,85228,KG,05,,,,,,,,,Imagine Acadmies,Imagine Indiana Life Sciences:  Academy East,2008,Indianapolis,IN,46235,KG,05,,,,,,,,,Imagine Acadmies,Imagine Preparatory High School At Apache Junction,2008,Apache Junction,AZ,85220,09,10,,,,,,,,,Imagine Acadmies,Imagine School At Evening Rose,2008,Tallahassee,FL,32308,KG,06,,,,,,,,,Imagine Acadmies,Imagine School At Land O' Lakes,2008,Lutz,FL,33558,KG,06,,,,,,,,,Imagine Acadmies,Imagine School At North Port,2008,North Port,FL,34289,KG,06,,,,,,,,,Imagine Acadmies,Imagine School at Town Center,2008,Palm Coast,FL,32164,KG,08,,,,,,,,,Imagine Acadmies,Imagine School In The Valle,2008,Las Vegas,NV,89129,KG,05,,,,,,,,,Imagine Acadmies,Imagine Schools At South Vero,2008,Vero Beach,FL,32966,KG,05,,,,,,,,,Imagine Acadmies,Imagine Schools On Broadway,2008,Fort Wayne,IN,46807,KG,05,,,,,,,,,Imagine Acadmies,Imagine Southeast Public Charter School,2008,Washington,DC,20032,PK,03,,,,,,,,,Inner City Education Foundation,View Park Preparatory Accelerated Elementary,1999,Los Angeles,CA,90043,KG,05,,,,,,,,,Inner City Education Foundation,View Park Preparatory Accelerated Middle,2002,Los Angeles,CA,90043,05,08,,,,,,,,,Inner City Education Foundation,View Park Preparatory Accelerated High,2003,Los Angeles,CA,90043,09,12,,,,,,,,,Inner City Education Foundation,Frederick Douglas High School,2006,Los Angeles,CA,90018,09,11,,,,,,,,,Inner City Education Foundation,Frederick Douglas Middle School,2006,Los Angeles,CA,90043,06,08,,,,,,,,,Inner City Education Foundation,Lou Dantzler Preparatory Charter High,2007,Los Angeles,CA,90016,09,10,,,,,,,,,Inner City Education Foundation,Lou Dantzler Preparatory Charter Middle,2007,Los Angeles,CA,90037,06,08,,,,,,,,,Inner City Education Foundation,Thurgood Marshall Charter High,2007,Los Angeles,CA,90003,09,10,,,,,,,,,Inner City Education Foundation,Thurgood Marshall Charter Middle,2007,Los Angeles,CA,90007,06,07,,,,,,,,,Inner City Education Foundation,Frederick Douglass Elementary,2008,,,,,,,,,,,,,,Inner City Education Foundation,Icef Vista Elementary Academy,2008,Los Angeles,CA,90066,KG,05,,,,,,,,,Inner City Education Foundation,Icef Vista Middle Academy,2008,Los Angeles,CA,90066,06,08,,,,,,,,,Inner City Education Foundation,Lou Dantzler Preparatory Charter Elementary,2008,Los Angeles,CA,90037,KG,01,,,,,,,,,King/Chavez Preparatory Academies,King/Chavez Academy Of Excellence,2001,San Diego,CA,92102,KG,08,,,,,,,,,King/Chavez Preparatory Academies,King/Chavez Arts Academy,2005,San Diego,CA,92102,03,05,,,,,,,,,King/Chavez Preparatory Academies,King/Chavez Athletics Academy,2005,San Diego,CA,92102,KG,05,,,,,,,,,King/Chavez Preparatory Academies,King/Chavez Primary Academy,2005,San Diego,CA,92102,KG,03,,,,,,,,,King/Chavez Preparatory Academies,King/Chavez Preparatory Academy,2006,San Diego,CA,92102,06,08,,,,,,,,,Kingman Academies,Kingman Academy Of Learning - Intermediate School,1995,Kingman,AZ,86409,03,06,,,,,,,,,Kingman Academies,Kingman Academy Of Learning - Middle School,1996,Kingman,AZ,86409,06,08,,,,,,,,,Kingman Academies,Kingman Academy Of Learning - Primary School,1997,Kingman,AZ,86409,KG,02,,,,,,,,,Kingman Academies,Kingman Academy Of Learning - High School,2001,Kingman,AZ,86409,09,12,,,,,,,,,KIPP Bay Area,KIPP Bayview Academy,2003,San Francisco,CA,94124,05,08,,,,,,,,,KIPP Bay Area,KIPP San Francisco Bay Academy,2003,San Francisco,CA,94115,05,08,,,,,,,,,KIPP Bay Area,KIPP Heartwood Academy,2004,San Jose,CA,95122,05,08,,,,,,,,,KIPP Bay Area,KIPP Summit Academy,2006,San Lorenzo,CA,94580,05,08,,,,,,,,,KIPP Bay Area,KIPP Bridge Charter,2007,Oakland,CA,94607,05,08,,,,,,,,,KIPP Bay Area,KIPP King Collegiate High,2007,San Lorenzo,CA,94580,09,10,,,,,,,,,KIPP Bay Area,KIPP San Jose Collegiate,2008,San Jose,CA,95133,09,09,,,,,,,,,KIPP DC,KIPP - Dc Aim Campus,2002,Washington,DC,20020,05,08,,,,,,,,,KIPP DC,KIPP - Dc Key,2007,Washington,DC,20019,05,08,,,,,,,,,KIPP DC,KIPP - Dc Leap,2007,Washington,DC,20019,PK,KG,,,,,,,,,KIPP DC,KIPP - Dc Will Academy,2007,Washington,DC,20001,05,07,,,,,,,,,KIPP Houston,KIPP Academy Middle School And High School,1995,Houston,TX,77099,06,08,,,,,,,,,KIPP Houston,KIPP Houston High School,2004,Houston,TX,77099,09,12,,,,,,,,,KIPP Houston,KIPP 3D Academy,2005,Houston,TX,77016,06,08,,,,,,,,,KIPP Houston,KIPP Liberation College Prep,2006,Houston,TX,77054,05,05,,,,,,,,,KIPP Houston,KIPP Ne Lower School Dream,2006,Houston,TX,77016,PK,05,,,,,,,,,KIPP Houston,KIPP Spirit College Prep,2006,Houston,TX,77047,05,05,,,,,,,,,KIPP Houston,KIPP Sw Lower School Shine,2006,Houston,TX,77099,PK,05,,,,,,,,,KIPP Houston,KIPP Polaris Academy For Boys,2007,Houston,TX,77078,06,06,,,,,,,,,KIPP Houston,KIPP Sharpstown College Preparatory,2007,Houston,TX,77063,06,06,,,,,,,,,KIPP Houston,KIPP East End (KIPP Intrepid),2008,Houston,TX,77023,05,05,,,,,,,,,KIPP Houston,KIPP Gulfton Lower School (KIPP SHARP College Prep),2008,Houston,TX,77099,PK,05,,,,,,,,,KIPP New Orleans,KIPP Believe College Prep,2006,New Orleans,LA,70118,04,07,,,,,,,,,KIPP New Orleans,Mcdonogh #15: A KIPP Transformation School (Elementary),2006,New Orleans,LA,70116,PK,04,,,,,,,,,KIPP New Orleans,Mcdonogh #15: A KIPP Transformation School (Middle),2006,New Orleans,LA,70116,05,08,,,,,,,,,KIPP New Orleans,KIPP Believe Academy,2007,New Orleans,LA,70118,04,06,,,,,,,,,KIPP New Orleans,KIPP Central City Primary,2007,New Orleans,LA,70116,KG,KG,,,,,,,,,KIPP NYC,KIPP Academy Charter School,2001,Bronx,NY,10451,,,,,,,,,,,KIPP NYC,KIPP S.T.A.R. Charter School,2003,New York,NY,10027,,,,,,,,,,,KIPP NYC,KIPP Always Mentally Prepared Charter School,2005,Brooklyn,NY,11213,,,,,,,,,,,KIPP NYC,KIPP Infinity Charter School,2005,New York,NY,10027,,,,,,,,,,,KIPP TEAM,Team Academy Charter School,2002,Newark,NJ,07112,,,,,,,,,,,KIPP TEAM,Team: Rise Academy Campus,2006,Newark,NJ,07103,,,,,,,,,,,KIPP TEAM,Team: Newark Collegiate Academy Campus,2007,Newark,NJ,07103,,,,,,,,,,,Leadership Public Schools,Leadership Public Schools: Richmond,2003,Richmond,CA,94801,09,12,,,,,,,,,Leadership Public Schools,Leadership Public Schools - San Jose,2004,San Jose,CA,95122,09,12,,,,,,,,,Leadership Public Schools,Leadership Public Schools: College Park,2005,Oakland,CA,94605,09,12,,,,,,,,,Leadership Public Schools,Leadership Public Schools - Hayward,2006,Hayward,CA,94545,09,12,,,,,,,,,Leading Edge,Leading Edge Academy - Gilbert Campus,2003,Gilbert,AZ,85234,KG,06,,,,,,,,,Leading Edge,Leading Edge Academy High School,2004,Gilbert,AZ,85234,07,12,,,,,,,,,Leading Edge,Leading Edge Academy - Queen Creek,2005,Queen Creek,AZ,85242,KG,08,,,,,,,,,Leading Edge,Leading Edge Academy - East Mesa,2007,Mesa,AZ,85208,KG,06,,,,,,,,,Lighthouse Academies,Bronx Lighthouse Charter School,2004,Bronx,NY,10459,,,,,,,,,,,Lighthouse Academies,Gary Lighthouse Charter School,2005,Gary,IN,46408,KG,08,,,,,,,,,Lighthouse Academies,Indianapolis Lighthouse Charter School,2005,Indianapolis,IN,46203,PK,08,,,,,,,,,Lighthouse Academies,Potomac Lighthouse Charter School,2005,Washington,DC,20017,PK,06,,,,,,,,,Lighthouse Academies,Cleveland Lighthouse Community School (Unaffiliated after 2007),2005,Cleveland,OH,44114,KG,04,,,,,,,,,Lighthouse Academies,Bronzeville Lighthouse Elem Chrtr,2006,Chicago,IL,60609,KG,07,,,,,,,,,Lighthouse Academies,East Chicago Lighthouse Charter,2006,Chicago,IN,46312,KG,06,,,,,,,,,Lighthouse Academies,West Gary Lighthouse Charter,2006,Gary,IN,46406,KG,07,,,,,,,,,Lighthouse Academies,Monument Lighthouse Charter School,2007,Indianapolis,IN,46226,KG,07,,,,,,,,,Lighthouse Academies,Villaview Lighthouse Community School (Unaffiliated after 2007),2007,Cleveland,OH,44119,05,07,,,,,,,,,Magnolia,Magnolia Science Academy 1 Reseda,2002,Reseda,CA,91335,06,12,,,,,,,,,Magnolia,Momentum Middle (Now Magnolia Science Academy San Diego),2005,San Diego,CA,92119,06,08,,,,,,,,,Magnolia,Magnolia Science Academy - 2 Valley,2007,Reseda,CA,91335,06,08,,,,,,,,,Magnolia,Magnolia Science Academy - 3 Carson,2008,Gardena,CA,90249,06,07,,,,,,,,,Magnolia,Magnolia Science Academy - 4 Venice,2008,Venice,CA,90291,06,07,,,,,,,,,Magnolia,Magnolia Science Academy - 5 Hollywood,2008,Hollywood,CA,90078,06,07,,,,,,,,,Mastery Charter Schools,Mastery Charter High School - Lenfest Campus,2001,Philadelphia,PA,19106,09,12,,,,,,,,,Mastery Charter Schools,Mastery Charter School - Shoemaker Campus,2006,Philadelphia,PA,19131,07,09,,,,,,,,,Mastery Charter Schools,Mastery Charter School - Thomas Campus,2006,Philadelphia,PA,19148,07,10,,,,,,,,,Mastery Charter Schools,Mastery Charter School - Pickett Campus,2007,Philadelphia,PA,19144,07,08,,,,,,,,,New City Public Schools,New City School - Long Beach Boulevard,1999,,CA,,,,,,,,,,,,New City Public Schools,New City School - Pine Avenue,2000,Long Beach,CA,90813,KG,09,,,,,,,,,New City Public Schools,Colegio New City High School,2008,Long Beach,CA,90813,09,09,,,,,,,,,New Visions,New Visions Academy - Star Valley,1995,Payson,AZ,85541,09,12,,,,,,,,,New Visions,New Visions Academy,2001,Cottonwood,AZ,86326,09,12,,,,,,,,,New Visions,New Visions Academy - St. John'S Campus,2001,Saint Johns,AZ,85936,09,12,,,,,,,,,Noble Network of Charter Schools,Noble Street Charter High School - Noble Street College Prep,1999,Chicago,IL,60642,09,12,,,,,,,,,Noble Network of Charter Schools,Noble Street Charter High School - Pritsker,2006,Chicago,IL,60642,09,12,,,,,,,,,Noble Network of Charter Schools,Noble Street Charter High School - Rauner,2006,Chicago,IL,60622,09,12,,,,,,,,,Noble Network of Charter Schools,Noble Street Charter High School - Golder College Prep,2007,Chicago,IL,60642,09,12,,,,,,,,,Noble Network of Charter Schools,Noble Street Charter High School - Rowe-Clark Math & Sciences Academy,2007,Chicago,IL,60651,09,12,,,,,,,,,Noble Network of Charter Schools,Noble Street Charter High School - Gary Comer College Prep,2008,Chicago,IL,60619,,,,,,,,,,,Noble Network of Charter Schools,Noble Street Charter High School - Uic College Prep,2008,Chicago,IL,60607,,,,,,,,,,,Not Your Ordinary School,Nyos Charter School,1998,Austin,TX,78753,04,12,,,,,,,,,Not Your Ordinary School,Nyos - Magnolia Mccullough Campus,2001,Austin,TX,78753,PK,03,,,,,,,,,Options for Youth,Options For Youth - Victor Valley,1993,Victorville,CA,92392,07,12,,,,,,,,,Options for Youth,Options For Youth - Upland,1996,Upland,CA,91786,07,12,,,,,,,,,Options for Youth,Options For Youth - Burbank Charter,1997,Burbank,CA,91506,07,12,,,,,,,,,Options for Youth,Options For Youth - San Gabriel,1997,San Gabriel,CA,91776,07,12,,,,,,,,,Options for Youth,Options For Youth - San Juan,2000,Carmichael,CA,95608,07,12,,,,,,,,,Partnerships to Uplift Communities,Community Charter Middle,1999,Lakeview Terrace,CA,91342,06,08,,,,,,,,,Partnerships to Uplift Communities,California Academy For Liberal Studies (CALS Charter Middle),2000,Los Angeles,CA,90017,06,08,,,,,,,,,Partnerships to Uplift Communities,Lakeview Charter Academy,2004,Lakeview Terrace,CA,91342,06,07,,,,,,,,,Partnerships to Uplift Communities,Milagro Charter,2004,Los Angeles,CA,90031,KG,05,,,,,,,,,Partnerships to Uplift Communities,Community Charter Early College High,2005,Lakeview Terrace,CA,91342,09,12,,,,,,,,,Partnerships to Uplift Communities,Cal Academy For Liberal Studies (CALS Early College High),2005,Los Angeles,CA,90017,09,12,,,,,,,,,Partnerships to Uplift Communities,Excel Charter Academy,2006,Los Angeles,CA,90031,06,08,,,,,,,,,Partnerships to Uplift Communities,Triumph Academy,2007,San Fernando,CA,91340,06,08,,,,,,,,,Perspectives ,Perspectives Calumet Campus - Calumet High School,2007,Chicago,IL,60605,07,11,,,,,,,,,Perspectives ,Perspectives Calumet Campus - Calumet High School of Technology,2007,Chicago,IL,60620,09,11,,,,,,,,,Perspectives ,Perspectives Calumet Campus - Calumet Middle School,2007,Chicago,IL,60620,06,08,,,,,,,,,Perspectives ,Perspectives Charter High School: Rodney D. Joslin Campus,1997,Chicago,IL,60616,06,12,,,,,,,,,Perspectives ,Perspectives/ IIT Math And Science Academy,2008,Chicago,IL,60653,06,09,,,,,,,,,PPep Tech,Ppep Tec - Manuel Borjorquez Learning Center,1995,Bisbee,AZ,85603,,,,,,,,,,,PPep Tech,Ppep Tec - 'Lito' Pena Learning Center,2000,Avondale,AZ,85323,10,12,,,,,,,,,PPep Tech,Ppep Tec - Celestino Fernandez Learning Center,2000,Tucson,AZ,85714,09,12,,,,,,,,,PPep Tech,Ppep Tec - Cesar Chavez Learning Center,2000,San Luis,AZ,85349,10,12,,,,,,,,,PPep Tech,Ppep Tec - Colin L. Powell Learning Center,2000,Sierra Vista,AZ,85635,09,12,,,,,,,,,PPep Tech,Ppep Tec - John David Arnold Learning Center,2000,Tuscon,AZ,85741,09,12,,,,,,,,,PPep Tech,Ppep Tec - Raul H. Castro Learning Center,2000,Douglas,AZ,85607,09,12,,,,,,,,,PPep Tech,Ppep Tec - Victor Soltero Learning Center,2000,Tucson,AZ,85730,09,12,,,,,,,,,PPep Tech,Ppep Tec - Alice S. Paul Learning Center,2001,Casa Grande,AZ,85222,09,12,,,,,,,,,PPep Tech,Ppep Tec - Eugene Lopez Learning Center,2001,Willcox,AZ,85643,09,12,,,,,,,,,PPep Tech,Ppep Tec - Jose Yepez Learning Center,2002,Somerton,AZ,85350,10,12,,,,,,,,,PPep Tech,Ppec Tec - Robles Junction Learning Center,2005,Tucson,AZ,85736,09,12,,,,,,,,,Propel,Propel Charter School - Homestead,2003,Homestead,PA,15120,KG,12,,,,,,,,,Propel,Propel Charter School - East,2005,Turtle Creek,PA,15145,KG,06,,,,,,,,,Propel,Propel Charter School - Mckeesport,2005,Mckeesport,PA,15132,KG,06,,,,,,,,,Propel,Propel Charter School - Montour,2007,Pittsburgh,PA,15205,KG,06,,,,,,,,,School of Excellence in Education,Dr Harmon W Kelley Elementary,1998,San Antonio,TX,78216,KG,03,,,,,,,,,School of Excellence in Education,Dr James L Burch Intermediate,2000,San Antonio,TX,78216,04,06,,,,,,,,,School of Excellence in Education,Rick Hawkins High School,2004,San Antonio,TX,78213,09,12,,,,,,,,,School of Excellence in Education,Dr Paul S Saenz J H,2004,San Antonio,TX,78213,07,08,,,,,,,,,School of Excellence in Education,Dr David M Copeland El,2006,San Antonio,TX,78216,KG,03,,,,,,,,,School of Excellence in Education,Dr David C Walker Intermediate,2007,San Antonio,TX,78218,04,06,,,,,,,,,See Forever Foundation,Maya Angelou Public Charter School - Shaw Campus,1999,Washington,DC,20001,09,12,,,,,,,,,See Forever Foundation,Maya Angelou Public Charter School - Evans Campus HS,2007,Washington,DC,20011,09,12,,,,,,,,,See Forever Foundation,Maya Angelou Public Charter School - Middle School Campus,2007,Washington,DC,20019,06,08,,,,,,,,,Seed Foundation New Campus in Maryland 2008,Seed Public Charter School Of Washington Dc,1999,Washington,DC,20019,07,12,,,,,,,,,"Shekinah Learning Systems, Inc.",Radiance Academy Of Learning (West Lake Campus),1999,San Antonio,TX,78227,PK,12,,,,,,,,,"Shekinah Learning Systems, Inc.",Shekinah Radiance Academy - Pearsall,1999,San Antonio,TX,78242,PK,05,,,,,,,,,"Shekinah Learning Systems, Inc.",Shekinah Hope (Live Oak Academy?),2001,San Antonio,TX,78233,PK,05,,,,,,,,,"Shekinah Learning Systems, Inc.",Shekinah Walzem,2001,San Antonio,TX,78239,PK,12,,,,,,,,,"Shekinah Learning Systems, Inc.",Shekinah Radiance Academy Abundant Life,2005,La Marque,TX,77568,KG,12,,,,,,,,,"Shekinah Learning Systems, Inc.",Radiance Academy Of Learning (Del Rio),2006,Del Rio,TX,78840,06,12,,,,,,,,,"Shekinah Learning Systems, Inc.",Radiance Academy Of Learning (Daystar),2007,Universal City,TX,78148,KG,05,,,,,,,,,"Shekinah Learning Systems, Inc.",Radiance Academy Of Learning (International),2007,San Antonio,TX,78228,KG,08,,,,,,,,,"Shekinah Learning Systems, Inc.",Radiance Academy of Learning: Abundant Life San Antonio Campus,2007,San Antonio,TX,78214,KG,05,,,,,,,,,"Shekinah Learning Systems, Inc.",Shekinah Radiance Academy - West Columbia,2007,West Columbia,TX,77486,KG,12,,,,,,,,,"Shekinah Learning Systems, Inc.",Shekinah Radiance Academy - Dallas Center,2008,Seagoville,TX,75179,KG,05,,,,,,,,,South Texas Education Technologies,Horizon Montessori,2004,Mcallen,TX,78501,PK,06,,,,,,,,,South Texas Education Technologies,Horizon Montessori Ii,2007,Weslaco,TX,78596,KG,06,,,,,,,,,St. Hope,Sacramento Charter High,2003,Sacramento,CA,95817,09,12,,,,,,,,,St. Hope,St. Hope Public School 7 (Ps7),2003,Sacramentio,CA,95820,KG,08,,,,,,,,,St. Hope,St. Hope Leadership Charter School,2008,New York,NY,10027,05,06,,,,,,,,,Student Alternatives Program Incorporated,Gateway Academy Town Lake,1999,Laredo,TX,78041,09,12,,,,,,,,,Student Alternatives Program Incorporated,Mid-Valley Academy Mercedes,1999,Mercedes,TX,78750,09,12,,,,,,,,,Student Alternatives Program Incorporated,Mid-Valley Academy San Benito,1999,Mercedes,TX,78570,09,12,,,,,,,,,Student Alternatives Program Incorporated,Paso Del Norte Academy Mesa,1999,El Paso,TX,79907,09,12,,,,,,,,,Student Alternatives Program Incorporated,South Plains Academy,1999,Lubbock,TX,79412,09,12,,,,,,,,,Student Alternatives Program Incorporated,Mid-Valley Academy-Mcallen,2002,Mcallen,TX,78501,09,12,,,,,,,,,Student Alternatives Program Incorporated,Paseo Del Norte Acad Ysleta,2006,El Paso,TX,79902,09,12,,,,,,,,,Student Alternatives Program Incorporated,Gateway Academy Sierra Vista,2007,,,,,,,,,,,,,,Summit Academies,Summit Academy - Akron Elementary School,1999,Akron,OH,44305,KG,06,,,,,,,,,Summit Academies,Summit Academy - Canton Elementary School (Community School for Alternative Learners - Canton),2000,Canton,OH,44707,KG,08,,,,,,,,,Summit Academies,Summit Academy - Akron Middle School,2001,Akron,OH,43305,06,08,,,,,,,,,Summit Academies,Summit Academy - Lorain Elementary School (Community School for Alternative Learners - Lorain),2001,Lorain,OH,44055,KG,06,,,,,,,,,Summit Academies,Summit Academy - Xenia Elementary School,2001,Xenia,OH,45385,01,07,,,,,,,,,Summit Academies,Summit Academy Community School For Alternative Learners Of Middletown,2001,Middletown,OH,45044,01,07,,,,,,,,,Summit Academies,Summit Academy - Akron Secondary School,2004,Akron,OH,44305,08,12,,,,,,,,,Summit Academies,Summit Academy - Canton Secondary School,2004,Canton,OH,44709,09,12,,,,,,,,,Summit Academies,Summit Academy - Cincinnati Community School,2004,Cincinnati,OH,45232,KG,07,,,,,,,,,Summit Academies,Summit Academy - Columbus Elementary,2004,Columbus,OH,43229,01,06,,,,,,,,,Summit Academies,Summit Academy - Dayton Community School,2004,Dayton,OH,45403,KG,07,,,,,,,,,Summit Academies,Summit Academy - Lorain Secondary School,2004,Lorain,OH,44052,09,12,,,,,,,,,Summit Academies,Summit Academy - Parma Community School,2004,Parma,OH,44130,KG,12,,,,,,,,,Summit Academies,Summit Academy - Toledo Elementary School,2004,Toledo,OH,43612,KG,08,,,,,,,,,Summit Academies,Summit Academy - Warren Elementary School,2004,Warren,OH,44484,KG,06,,,,,,,,,Summit Academies,Summit Academy - Youngstown Secondary School,2004,Youngstown,OH,44507,08,12,,,,,,,,,Summit Academies,Summit Academy - Columbus Middle School,2005,Columbus,OH,43229,05,08,,,,,,,,,Summit Academies,Summit Academy - Lorain Middle School,2005,Lorain,OH,44052,07,08,,,,,,,,,Summit Academies,Summit Academy - Painesville Elementary School,2005,Painesville,OH,44077,01,07,,,,,,,,,Summit Academies,Summit Academy - Toledo Secondary School,2005,Toledo,OH,43612,07,11,,,,,,,,,Summit Academies,Summit Academy - Warren Middle School,2005,Warren,OH,44484,06,10,,,,,,,,,Summit Academies,Summit Academy - Youngstown Middle School,2005,Youngstown,OH,44506,06,08,,,,,,,,,Summit Academies,Summit Academy Secondary School-Middletown,2005,Middletown,OH,45044,08,11,,,,,,,,,Summit Academies,Summit Academy - Cincinnati Transition High School,2007,Cincinnati,OH,45232,06,11,,,,,,,,,Summit Academies,Summit Academy - Columbus Transitional High School,2007,Columbus,OH,43227,07,11,,,,,,,,,Summit Academies,Summit Academy - Dayton Transitional High School,2007,Dayton,OH,45403,08,12,,,,,,,,,Tracy Learning Center,Discovery Charter,2001,Tracy,CA,95376,05,08,,,,,,,,,Tracy Learning Center,Millennium Charter,2004,Tracy,CA,95376,09,12,,,,,,,,,Tracy Learning Center,Primary Charter,2004,Tracy,CA,95376,KG,04,,,,,,,,,Uncommon Schools,North Star Academy - Downtown Campus,1997,Newark,NJ,07102,,,,,,,,,,,Uncommon Schools,Williamsburg Collegiate Charter School,2005,Brooklyn,NY,11211,,,,,,,,,,,Uncommon Schools,Excellence Charter School Of Bedford Stuyvesant,2006,Brooklyn,NY,11233,,,,,,,,,,,Uncommon Schools,Leadership Preparatory Charter School,2006,Brooklyn,NY,11216,,,,,,,,,,,Uncommon Schools,True North Rochester Preparatory Charter School,2006,Rochester,NY,14619,,,,,,,,,,,Uncommon Schools,Kings Collegiate Charter School,2007,Brooklyn,NY,11212,,,,,,,,,,,Uncommon Schools,North Star Academy - Clinton Hill Campus,2007,Newark,NJ,07108,,,,,,,,,,,Uncommon Schools,North Star Academy - Clinton Hill Campus,2007,Newark,NJ,07108,,,,,,,,,,,Uncommon Schools,North Star Academy - Elementary Campus,2007,Newark,NJ,07114,,,,,,,,,,,Uncommon Schools,Bedford-Stuyvesant Collegiate Charter School,2008,Brooklyn,NY,11221,05,05,,,,,,,,,Uncommon Schools,True North Troy Preparatory Charter School,2008,Troy,NY,12180,05,05,,,,,,,,,UNO Charter Schools Network,Uno Charter School Network - Octavio Paz (Elementary),1998,Chicago,IL,60607,KG,05,,,,,,,,,UNO Charter Schools Network,Uno Charter School Network - Octavio Paz (Middle),1998,,,,06,08,,,,,,,,,UNO Charter Schools Network,Uno Charter School Network - Rufino Tamayo,2005,Chicago,IL,60632,KG,08,,,,,,,,,UNO Charter Schools Network,Uno Charter School Network - Bartolome de Las Cases,2006,Chicago,IL,60608,KG,08,,,,,,,,,UNO Charter Schools Network,Uno Charter School Network - Carlos Fuentes,2006,Chicago,IL,60608,KG,08,,,,,,,,,UNO Charter Schools Network,UNO Charter School Network - Officer Donald J. Marquez School,2007,Chicago,IL,60632,KG,08,,,,,,,,,UNO Charter Schools Network,Esperanza Charter School,2007,New Orleans,LA,70119,KG,08,,,,,,,,,UNO Charter Schools Network,Uno Charter School Network - Veterans Memorial High School,2008,Chicago,IL,60608,09,09,,,,,,,,,UNO Charter Schools Network,Uno Charter School Network - Veterans Memorial School Campus A,2008,Chicago,IL,60632,KG,08,,,,,,,,,UNO Charter Schools Network,Uno Charter School Network - Veterans Memorial School Campus B,2008,Chicago,IL,60632,KG,08,,,,,,,,,Uplift Education,North Hills School,1997,Irving,TX,75039,06,08,,,,,,,,,Uplift Education,Peak Academy,2005,Dallas,TX,75204,KG,05,,,,,,,,,Uplift Education,Peak Advantage,2006,Dallas,TX,75204,06,08,,,,,,,,,Uplift Education,North Hills Primary School,2007,Irving,TX,75039,KG,05,,,,,,,,,Uplift Education,Williams Preparatory,2007,Dallas,TX,75235,09,10,,,,,,,,,Uplift Education,Hampton Preparatory,2007,Dallas,TX,75232,09,10,,,,,,,,,Uplift Education,Summit International Preparatory,2007,Arlington,TX,76011,09,10,,,,,,,,,Uplift Education,Hampton Preparatory: Middle School Campus,2008,Dallas,TX,75232,05,05,,,,,,,,,Uplift Education,North Hills Preparatory School: High School Campus,2008,Irving,TX,75039,09,12,,,,,,,,,Uplift Education,Peak Preparatory School: High School Campus,2008,Dallas,TX,75204,09,11,,,,,,,,,Uplift Education,Summit International Preparatory: Middle School Campus,2008,Arlington,TX,76011,06,08,,,,,,,,,Uplift Education,Summit International Preparatory: Primary Campus,2008,Arlington,TX,76011,KG,05,,,,,,,,,Uplift Education,Williams Preparatory: Middle School Campus,2008,Dallas,TX,75235,06,07,,,,,,,,,Uplift Education,Williams Preparatory: Primary Campus,2008,Dallas,TX,75235,KG,02,,,,,,,,,YES Prep Schools,Yes Prep - Southeast Campus,2000,Houston,TX,77304,06,12,,,,,,,,,YES Prep Schools,Yes Prep - North Central Campus,2003,Houston,TX,77039,06,11,,,,,,,,,YES Prep Schools,Yes Prep - Southwest Campus,2005,Houston,TX,77053,06,10,,,,,,,,,YES Prep Schools,Yes Prep - East End Campus,2006,Houston,TX,77012,06,09,,,,,,,,,YES Prep Schools,Yes Prep - Lee,2007,Houston,TX,77057,06,07,,,,,,,,,